SET DB_CLOSE_DELAY -1;        
;             
CREATE USER IF NOT EXISTS SA SALT '5c61a938a4abe75a' HASH 'a8027e2ae78259f8771625157ed0fd08a888f1b2f703e99a3e3b69a5af5d903a' ADMIN;           
CREATE CACHED TABLE PUBLIC.RBAC_USER(
    RECID VARCHAR(255) NOT NULL,
    USR_NAME VARCHAR(255) NOT NULL,
    USR_ID VARCHAR(255) NOT NULL,
    PWD VARCHAR(255),
    ORG_RECID VARCHAR(255) NOT NULL,
    REMARKS VARCHAR(255),
    DEL_FLAG VARCHAR(1) DEFAULT 0
);
ALTER TABLE PUBLIC.RBAC_USER ADD CONSTRAINT PUBLIC.CONSTRAINT_2 PRIMARY KEY(RECID);           
-- 4 +/- SELECT COUNT(*) FROM PUBLIC.RBAC_USER;               
INSERT INTO PUBLIC.RBAC_USER(RECID, USR_NAME, USR_ID, PWD, ORG_RECID, REMARKS, DEL_FLAG) VALUES
('USER_RECID', STRINGDECODE('\u6768\u5174\u56fd'), 'yxg', '111111', 'ORG_RECID', NULL, '0'),
('e0abcc200c604ed6bd607eeb31827288', STRINGDECODE('\u738b\u7426'), 'wq', 'b795a566ff4fef84f27748a032d69d9f6c5129ba7d8ee68b111e8933', 'ORG_RECID', NULL, NULL),
('bd8f19103c944f6b9c03cee3a4fd4ff0', STRINGDECODE('\u738b\u7426'), 'wangqi', 'a64e9d031cc38bea36f39c5a9a3c0a066b30761a0e9806b8cc64ae63', 'ORG_RECID_1', '', NULL),
('c115d0f876104e1d83b1e096ecc085de', STRINGDECODE('\u738b\u74261232'), 'wq123', '1729715bed272e17eea77635208ddb5fa0b4b449f2e56d3d60a45a3d', 'ORG_RECID_1', '11', NULL);    
CREATE CACHED TABLE PUBLIC.RBAC_CMS_ARTICLE(
    RECID VARCHAR(255) NOT NULL,
    DEL_FLAG VARCHAR(255),
    REMARKS VARCHAR(255),
    COLOR VARCHAR(50),
    CUSTOM_CONTENT_VIEW VARCHAR(255),
    DESCRIPTION VARCHAR(255),
    HITS INTEGER,
    IMAGE VARCHAR(255),
    KEYWORDS VARCHAR(255),
    LINK VARCHAR(255),
    POSID VARCHAR(10),
    TITLE VARCHAR(255),
    VIEW_CONFIG VARCHAR(255),
    WEIGHT INTEGER NOT NULL,
    WEIGHT_DATE TIMESTAMP,
    CATEGORY_ID VARCHAR(255) NOT NULL
);      
ALTER TABLE PUBLIC.RBAC_CMS_ARTICLE ADD CONSTRAINT PUBLIC.CONSTRAINT_1 PRIMARY KEY(RECID);    
-- 0 +/- SELECT COUNT(*) FROM PUBLIC.RBAC_CMS_ARTICLE;        
CREATE CACHED TABLE PUBLIC.RBAC_ORG(
    RECID VARCHAR(255) NOT NULL,
    CODE VARCHAR(255) NOT NULL,
    GRADE INT,
    NAME VARCHAR(255) NOT NULL,
    SORT INT,
    PARENT_ID VARCHAR(255),
    REMARKS VARCHAR(255),
    DEL_FLAG VARCHAR(1) DEFAULT 0,
    PARENTIDS CHAR(255),
    PARENT_IDS VARCHAR(255)
);
ALTER TABLE PUBLIC.RBAC_ORG ADD CONSTRAINT PUBLIC.CONSTRAINT_5 PRIMARY KEY(RECID);            
-- 2 +/- SELECT COUNT(*) FROM PUBLIC.RBAC_ORG;
INSERT INTO PUBLIC.RBAC_ORG(RECID, CODE, GRADE, NAME, SORT, PARENT_ID, REMARKS, DEL_FLAG, PARENTIDS, PARENT_IDS) VALUES
('ORG_RECID', '01', NULL, STRINGDECODE('\u6d4b\u8bd5\u673a\u6784'), NULL, NULL, NULL, '0', NULL, NULL),
('ORG_RECID_1', '02', NULL, STRINGDECODE('\u6d4b\u8bd5\u673a\u6784\u65b0\u589e'), 30, NULL, NULL, NULL, NULL, NULL);        
CREATE CACHED TABLE PUBLIC.RBAC_ROLE_MENU(
    ROLE_RECID VARCHAR(255) NOT NULL,
    MENU_RECID VARCHAR(255) NOT NULL,
    REMARKS VARCHAR(255),
    DEL_FLAG VARCHAR(1) DEFAULT 0
);    
ALTER TABLE PUBLIC.RBAC_ROLE_MENU ADD CONSTRAINT PUBLIC.CONSTRAINT_25 PRIMARY KEY(ROLE_RECID, MENU_RECID);    
-- 31 +/- SELECT COUNT(*) FROM PUBLIC.RBAC_ROLE_MENU;         
INSERT INTO PUBLIC.RBAC_ROLE_MENU(ROLE_RECID, MENU_RECID, REMARKS, DEL_FLAG) VALUES
('59cdd5c600d4484fb923660439058cee', 'MENU_RECID', NULL, '0'),
('59cdd5c600d4484fb923660439058cee', 'SYS_04', NULL, '0'),
('65656da336b74a91b9fd86f9b530142c', 'MENU_RECID', NULL, '0'),
('65656da336b74a91b9fd86f9b530142c', '13e5798d94ed4e95a976396dd98be0b4', NULL, '0'),
('65656da336b74a91b9fd86f9b530142c', '012aa2cfb99f4409a60aa37884ce8107', NULL, '0'),
('65656da336b74a91b9fd86f9b530142c', '99aaaa6096e94dc68191f09c75fc1fbe', NULL, '0'),
('65656da336b74a91b9fd86f9b530142c', '0f6314f120b349b4813223db47bf2801', NULL, '0'),
('65656da336b74a91b9fd86f9b530142c', '8fcdcf66f0a54ca8a8112b0f0e7a07d4', NULL, '0'),
('65656da336b74a91b9fd86f9b530142c', 'd0fd865db1e241c88ba751921dcb1ad1', NULL, '0'),
('65656da336b74a91b9fd86f9b530142c', '3b8be92bc1cb4fd593b3b8e803d4fc84', NULL, '0'),
('65656da336b74a91b9fd86f9b530142c', 'cc462527824040f49dc534cabd12df64', NULL, '0'),
('65656da336b74a91b9fd86f9b530142c', 'a207b219ed7d4ca4bd0ea74fbc47aeb1', NULL, '0'),
('65656da336b74a91b9fd86f9b530142c', '371e44fe5f6c474aab87c202218e5fb1', NULL, '0'),
('65656da336b74a91b9fd86f9b530142c', 'f75d02ac57e64b4a9146be568f476734', NULL, '0'),
('65656da336b74a91b9fd86f9b530142c', '62d0d688760c475ebb711081c67b2283', NULL, '0'),
('65656da336b74a91b9fd86f9b530142c', '1ffd0c6a11e54a3b911c5ec4cd2774e8', NULL, '0'),
('ROLE_RECID', 'MENU_RECID', NULL, '0'),
('ROLE_RECID', '13e5798d94ed4e95a976396dd98be0b4', NULL, '0'),
('ROLE_RECID', '012aa2cfb99f4409a60aa37884ce8107', NULL, '0'),
('ROLE_RECID', '0f6314f120b349b4813223db47bf2801', NULL, '0'),
('ROLE_RECID', '99aaaa6096e94dc68191f09c75fc1fbe', NULL, '0'),
('ROLE_RECID', '8fcdcf66f0a54ca8a8112b0f0e7a07d4', NULL, '0'),
('ROLE_RECID', 'd0fd865db1e241c88ba751921dcb1ad1', NULL, '0'),
('ROLE_RECID', '3b8be92bc1cb4fd593b3b8e803d4fc84', NULL, '0'),
('ROLE_RECID', 'cc462527824040f49dc534cabd12df64', NULL, '0'),
('ROLE_RECID', 'a207b219ed7d4ca4bd0ea74fbc47aeb1', NULL, '0'),
('ROLE_RECID', '371e44fe5f6c474aab87c202218e5fb1', NULL, '0'),
('ROLE_RECID', 'f75d02ac57e64b4a9146be568f476734', NULL, '0'),
('ROLE_RECID', '62d0d688760c475ebb711081c67b2283', NULL, '0'),
('ROLE_RECID', 'dc4dcff474d54aa19fd146e115f083b3', NULL, '0'),
('ROLE_RECID', '53bd747e3c884c989ccea109c159de00', NULL, '0');       
CREATE CACHED TABLE PUBLIC.RBAC_ROLE(
    RECID VARCHAR(255) NOT NULL,
    NAME VARCHAR(255) NOT NULL,
    NAME_MNG VARCHAR(255) NOT NULL,
    REMARKS VARCHAR(255),
    DEL_FLAG VARCHAR(1) DEFAULT 0,
    MENU_IDS VARCHAR(255),
    MENU_NAMES VARCHAR(255)
);     
ALTER TABLE PUBLIC.RBAC_ROLE ADD CONSTRAINT PUBLIC.CONSTRAINT_2C2 PRIMARY KEY(RECID);         
-- 3 +/- SELECT COUNT(*) FROM PUBLIC.RBAC_ROLE;               
INSERT INTO PUBLIC.RBAC_ROLE(RECID, NAME, NAME_MNG, REMARKS, DEL_FLAG, MENU_IDS, MENU_NAMES) VALUES
('59cdd5c600d4484fb923660439058cee', STRINGDECODE('\u65b0\u589e\u89d2\u8272\u4e00'), STRINGDECODE('\u89d2\u8272\u4e00'), NULL, '0', NULL, NULL),
('ROLE_RECID', STRINGDECODE('\u7cfb\u7edf\u7ba1\u7406\u5458'), STRINGDECODE('\u7ba1\u7406\u5458'), NULL, NULL, NULL, NULL),
('65656da336b74a91b9fd86f9b530142c', STRINGDECODE('\u65b0\u589e\u89d2\u8272\u4e8c'), STRINGDECODE('\u65b0\u589e\u89d2\u8272'), NULL, NULL, NULL, NULL);   
CREATE CACHED TABLE PUBLIC.RBAC_USER_ROLE(
    USER_RECID VARCHAR(255) NOT NULL,
    ROLE_RECID VARCHAR(255) NOT NULL,
    REMARKS VARCHAR(255),
    DEL_FLAG VARCHAR(1) DEFAULT 0
);    
ALTER TABLE PUBLIC.RBAC_USER_ROLE ADD CONSTRAINT PUBLIC.CONSTRAINT_26 PRIMARY KEY(USER_RECID, ROLE_RECID);    
-- 5 +/- SELECT COUNT(*) FROM PUBLIC.RBAC_USER_ROLE;          
INSERT INTO PUBLIC.RBAC_USER_ROLE(USER_RECID, ROLE_RECID, REMARKS, DEL_FLAG) VALUES
('USER_RECID', 'ROLE_RECID', '', '0'),
('e0abcc200c604ed6bd607eeb31827288', 'ROLE_RECID', NULL, '0'),
('bd8f19103c944f6b9c03cee3a4fd4ff0', 'ROLE_RECID', NULL, '0'),
('c115d0f876104e1d83b1e096ecc085de', '59cdd5c600d4484fb923660439058cee', NULL, '0'),
('c115d0f876104e1d83b1e096ecc085de', 'ROLE_RECID', NULL, '0');             
CREATE CACHED TABLE PUBLIC.RBAC_DICT(
    RECID VARCHAR(255) NOT NULL,
    LABEL VARCHAR(255) NOT NULL,
    VALUE VARCHAR(255) NOT NULL,
    TYPE VARCHAR(255) NOT NULL,
    DESCRIPTION VARCHAR(255) NOT NULL,
    SORT INT,
    REMARKS VARCHAR(255),
    DEL_FLAG VARCHAR(1) DEFAULT 0
);         
ALTER TABLE PUBLIC.RBAC_DICT ADD CONSTRAINT PUBLIC.CONSTRAINT_2C1 PRIMARY KEY(RECID);         
-- 8 +/- SELECT COUNT(*) FROM PUBLIC.RBAC_DICT;               
INSERT INTO PUBLIC.RBAC_DICT(RECID, LABEL, VALUE, TYPE, DESCRIPTION, SORT, REMARKS, DEL_FLAG) VALUES
('DIC_IS_SHOW_ONE', STRINGDECODE('\u663e\u793a'), '1', 'show_hide', '', 20, '', '0'),
('DIC_IS_SHOW_TWO', STRINGDECODE('\u9690\u85cf'), '0', 'show_hide', '', 30, '', '0'),
('DIC_TARGE_TOP', '_top', '_top', 'target', '', 40, '', '0'),
('DIC_TARGER_PARENT', '_parent', '_parent', 'target', '', 30, '', '0'),
('DIC_TARGER_SELF', '_self', '_self', 'target', STRINGDECODE('url \u6253\u5f00\u7684target \u5c5e\u6027'), 20, NULL, NULL),
('DIC_TARGER', '_blank', '_blank', 'target', '', 10, '', '0'),
('2532f8b146dc4154967908c715209aec', STRINGDECODE('\u662f'), '1', 'yes_no', STRINGDECODE('yes_no \u662f\u5426\uff1a\u662f'), 10, NULL, '0'),
('0291b0be8fd5411787118c62ce94c43a', STRINGDECODE('\u5426'), '0', 'yes_no', STRINGDECODE('yes_no \u662f\u5426\uff1a \u5426'), 20, NULL, '0');          
CREATE CACHED TABLE PUBLIC.RBAC_MENU(
    RECID VARCHAR(255) NOT NULL,
    NAME VARCHAR(255) NOT NULL,
    NAME_MNG VARCHAR(255) NOT NULL,
    PERMISSION_FLAG VARCHAR(255),
    TARGET VARCHAR(255),
    URL VARCHAR(255),
    PARENT_ID VARCHAR(255),
    PARENTS VARCHAR(255),
    SORT INT,
    ISSHOW VARCHAR(1),
    ICON VARCHAR(255),
    REMARKS VARCHAR(255),
    DEL_FLAG VARCHAR(1) DEFAULT 0,
    IS_SHOW VARCHAR(255)
);         
ALTER TABLE PUBLIC.RBAC_MENU ADD CONSTRAINT PUBLIC.CONSTRAINT_2C PRIMARY KEY(RECID);          
-- 24 +/- SELECT COUNT(*) FROM PUBLIC.RBAC_MENU;              
INSERT INTO PUBLIC.RBAC_MENU(RECID, NAME, NAME_MNG, PERMISSION_FLAG, TARGET, URL, PARENT_ID, PARENTS, SORT, ISSHOW, ICON, REMARKS, DEL_FLAG, IS_SHOW) VALUES
('TOP_MENU_ID', STRINGDECODE('\u6839\u83dc\u5355'), STRINGDECODE('\u6839\u83dc\u5355'), NULL, 'menuFrame', NULL, NULL, 'TOP_MENU_ID', NULL, '0', NULL, NULL, '0', '0'),
('MENU_RECID', STRINGDECODE('\u6839\u83dc\u5355'), STRINGDECODE('\u6839\u83dc\u5355'), NULL, 'menuFrame', NULL, 'TOP_MENU_ID', 'TOP_MENU_ID', NULL, '1', NULL, NULL, '0', '0'),
('95dc404973774ae780cb29b7de52622c', STRINGDECODE('CMS\u7ba1\u7406'), STRINGDECODE('CMS\u7ba1\u7406'), '', 'mainFrame', '', 'TOP_MENU_ID', NULL, 30, NULL, '', NULL, '0', '1'),
('2b376f7654a34e3984f6e35dcbdbecfc', STRINGDECODE('\u680f\u76ee\u7ba1\u7406'), STRINGDECODE('\u680f\u76ee\u7ba1\u7406'), '', 'mainFrame', '/cms/category', '95dc404973774ae780cb29b7de52622c', NULL, 10, NULL, '', NULL, '0', '1'),
('8fcdcf66f0a54ca8a8112b0f0e7a07d4', STRINGDECODE('\u4fee\u6539'), STRINGDECODE('\u4fee\u6539'), 'sys:user:edit', 'mainFrame', '/sys/user/form', 'SYS_04', NULL, 30, NULL, '', NULL, '0', '0'),
('d0fd865db1e241c88ba751921dcb1ad1', STRINGDECODE('\u67e5\u770b'), STRINGDECODE('\u67e5\u770b'), 'sys:user:view', 'mainFrame', '/sys/user/form', 'SYS_04', NULL, 30, NULL, '', NULL, '0', '0'),
('3b8be92bc1cb4fd593b3b8e803d4fc84', STRINGDECODE('\u4fee\u6539'), STRINGDECODE('\u4fee\u6539'), 'sys:role:edit', 'mainFrame', '/sys/role/form', 'SYS_02', NULL, 20, NULL, '', NULL, '0', '0'),
('cc462527824040f49dc534cabd12df64', STRINGDECODE('\u67e5\u770b'), STRINGDECODE('\u67e5\u770b'), 'sys:role:view', 'mainFrame', '/sys/role/form', 'SYS_02', NULL, 30, NULL, '', NULL, '0', '0'),
('a207b219ed7d4ca4bd0ea74fbc47aeb1', STRINGDECODE('\u4fee\u6539'), STRINGDECODE('\u4fee\u6539'), 'sys:menu:edit', 'mainFrame', '/sys/menu/form', 'SYS_06', NULL, 20, NULL, '', NULL, '0', '0'),
('371e44fe5f6c474aab87c202218e5fb1', STRINGDECODE('\u67e5\u770b'), STRINGDECODE('\u67e5\u770b'), 'sys:menu:view', 'mainFrame', '/sys/menu/form', 'SYS_06', NULL, 30, NULL, '', NULL, '0', '0'),
('f75d02ac57e64b4a9146be568f476734', STRINGDECODE('\u4fee\u6539'), STRINGDECODE('\u4fee\u6539'), 'sys:organ:edit', 'mainFrame', '/sys/organ/form', 'd6a20bac73504bfb91e9f1227cac096d', NULL, 30, NULL, '', NULL, '0', '0'),
('62d0d688760c475ebb711081c67b2283', STRINGDECODE('\u67e5\u770b'), STRINGDECODE('\u67e5\u770b'), 'sys:organ:view', 'mainFrame', '/sys/organ/form', 'd6a20bac73504bfb91e9f1227cac096d', NULL, 30, NULL, '', NULL, '0', '0'),
('012aa2cfb99f4409a60aa37884ce8107', STRINGDECODE('\u4fee\u6539'), STRINGDECODE('\u4fee\u6539'), 'cms:category:edit', 'mainFrame', '/cms/category/form', '2b376f7654a34e3984f6e35dcbdbecfc', NULL, 30, NULL, 'edit', NULL, NULL, '0'),
('725a796b5a884cde964d7d48a12b1d32', STRINGDECODE('\u7cfb\u7edf\u8bbe\u7f6e'), STRINGDECODE('\u7cfb\u7edf\u7ba1\u7406'), '', '', '', 'TOP_MENU_ID', NULL, 900, NULL, 'cog', NULL, NULL, '1'),
('SYS_04', STRINGDECODE('\u7528\u6237\u7ba1\u7406'), STRINGDECODE('\u7528\u6237\u7ba1\u7406'), '', 'mainFrame', '/sys/user', '725a796b5a884cde964d7d48a12b1d32', NULL, 30, '0', 'user', NULL, NULL, '1'),
('SYS_02', STRINGDECODE('\u89d2\u8272\u7ba1\u7406'), STRINGDECODE('\u89d2\u8272\u7ba1\u7406'), '', 'mainFrame', '/sys/role', '725a796b5a884cde964d7d48a12b1d32', NULL, 40, '1', 'flag', NULL, NULL, '1'),
('SYS_06', STRINGDECODE('\u83dc\u5355\u7ba1\u7406'), STRINGDECODE('\u83dc\u5355\u7ba1\u7406'), '', 'mainFrame', '/sys/menu', '725a796b5a884cde964d7d48a12b1d32', NULL, 50, '0', 'list', NULL, NULL, '1'),
('0f6314f120b349b4813223db47bf2801', STRINGDECODE('\u6587\u7ae0\u7ba1\u7406'), STRINGDECODE('\u6587\u7ae0\u7ba1\u7406'), '', 'mainFrame', '/cms/article', '95dc404973774ae780cb29b7de52622c', NULL, 30, NULL, 'gift', NULL, NULL, '1'),
('d6a20bac73504bfb91e9f1227cac096d', STRINGDECODE('\u5355\u4f4d\u7ba1\u7406'), STRINGDECODE('\u5355\u4f4d\u7ba1\u7406'), '', 'mainFrame', '/sys/organ', '725a796b5a884cde964d7d48a12b1d32', NULL, 60, NULL, 'globe', NULL, NULL, '1'),
('99aaaa6096e94dc68191f09c75fc1fbe', STRINGDECODE('\u5185\u5bb9\u7ba1\u7406'), STRINGDECODE('\u5185\u5bb9\u7ba1\u7406'), '', 'mainFrame', '/cms/', '95dc404973774ae780cb29b7de52622c', NULL, 30, NULL, 'fullscreen', NULL, NULL, '1'); 
INSERT INTO PUBLIC.RBAC_MENU(RECID, NAME, NAME_MNG, PERMISSION_FLAG, TARGET, URL, PARENT_ID, PARENTS, SORT, ISSHOW, ICON, REMARKS, DEL_FLAG, IS_SHOW) VALUES
('13e5798d94ed4e95a976396dd98be0b4', STRINGDECODE('\u67e5\u770b'), STRINGDECODE('\u67e5\u770b'), 'cms:category:view', 'mainFrame', '/cms/category/form', '2b376f7654a34e3984f6e35dcbdbecfc', NULL, 20, NULL, 'zoom-out', NULL, NULL, '0'),
('53bd747e3c884c989ccea109c159de00', STRINGDECODE('\u67e5\u770b'), STRINGDECODE('\u67e5\u770b'), 'sys:dict:view', 'mainFrame', 'sys/dict/form', '1ffd0c6a11e54a3b911c5ec4cd2774e8', NULL, 30, NULL, 'eye-open', NULL, '0', '1'),
('dc4dcff474d54aa19fd146e115f083b3', STRINGDECODE('\u4fee\u6539'), STRINGDECODE('\u4fee\u6539'), 'sys:dict:edit', 'mainFrame', 'sys/dict/form', '1ffd0c6a11e54a3b911c5ec4cd2774e8', NULL, 20, NULL, 'edit', NULL, '0', '1'),
('1ffd0c6a11e54a3b911c5ec4cd2774e8', STRINGDECODE('\u679a\u4e3e\u9879\u7ba1\u7406'), STRINGDECODE('\u679a\u4e3e\u9879\u7ba1\u7406'), '', 'mainFrame', '/sys/dict', '725a796b5a884cde964d7d48a12b1d32', NULL, 70, NULL, 'list-alt', NULL, NULL, '1');
CREATE CACHED TABLE PUBLIC.RBAC_CMS_ARTICLE_DATE(
    RECID VARCHAR(255) NOT NULL,
    DEL_FLAG VARCHAR(255),
    REMARKS VARCHAR(255),
    ALLOW_COMMENT VARCHAR(1),
    CONTENT VARCHAR(255) NOT NULL,
    COPYFROM VARCHAR(255),
    RELATION VARCHAR(255)
);      
ALTER TABLE PUBLIC.RBAC_CMS_ARTICLE_DATE ADD CONSTRAINT PUBLIC.CONSTRAINT_9 PRIMARY KEY(RECID);               
-- 0 +/- SELECT COUNT(*) FROM PUBLIC.RBAC_CMS_ARTICLE_DATE;   
CREATE CACHED TABLE PUBLIC.RBAC_CMS_CATEGORY(
    RECID VARCHAR(255) NOT NULL,
    DEL_FLAG VARCHAR(255),
    REMARKS VARCHAR(255),
    ALLOW_COMMENT VARCHAR(255),
    DESCRIPTION VARCHAR(255),
    HREF VARCHAR(255),
    IMAGE VARCHAR(255),
    KEYWORDS VARCHAR(255),
    MODULE VARCHAR(255),
    NAME VARCHAR(255),
    PARENT_IDS VARCHAR(255),
    SORT INTEGER,
    TARGET VARCHAR(255),
    PARENT_ID VARCHAR(255)
);              
ALTER TABLE PUBLIC.RBAC_CMS_CATEGORY ADD CONSTRAINT PUBLIC.CONSTRAINT_A PRIMARY KEY(RECID);   
-- 1 +/- SELECT COUNT(*) FROM PUBLIC.RBAC_CMS_CATEGORY;       
INSERT INTO PUBLIC.RBAC_CMS_CATEGORY(RECID, DEL_FLAG, REMARKS, ALLOW_COMMENT, DESCRIPTION, HREF, IMAGE, KEYWORDS, MODULE, NAME, PARENT_IDS, SORT, TARGET, PARENT_ID) VALUES
('0a695a1c039c45cb9e9cf2f68b312664', '0', NULL, '0', STRINGDECODE('\u653f\u7b56\u6cd5\u89c4'), '', 'fire', STRINGDECODE('\u653f\u7b56\u6cd5\u89c4'), 'article', STRINGDECODE('\u653f\u7b56\u6cd5\u89c4'), NULL, 30, '_blank', NULL);             
ALTER TABLE PUBLIC.RBAC_USER ADD CONSTRAINT PUBLIC.FK_T2CF1PK6B9BG6SCNP1SW7S6BT FOREIGN KEY(ORG_RECID) REFERENCES PUBLIC.RBAC_ORG(RECID) NOCHECK;             
ALTER TABLE PUBLIC.RBAC_CMS_ARTICLE ADD CONSTRAINT PUBLIC.FK_S8RXKQTRKMNE1NVNB5B6C1IAQ FOREIGN KEY(CATEGORY_ID) REFERENCES PUBLIC.RBAC_CMS_CATEGORY(RECID) NOCHECK;           
ALTER TABLE PUBLIC.RBAC_ROLE_MENU ADD CONSTRAINT PUBLIC.FK_A5YQWF18KLY142759FI4CY9PK FOREIGN KEY(ROLE_RECID) REFERENCES PUBLIC.RBAC_ROLE(RECID) NOCHECK;      
ALTER TABLE PUBLIC.RBAC_CMS_ARTICLE_DATE ADD CONSTRAINT PUBLIC.FK_JQKOBSV0F6H8SU33F4KHTQYTK FOREIGN KEY(RECID) REFERENCES PUBLIC.RBAC_CMS_ARTICLE(RECID) NOCHECK;             
ALTER TABLE PUBLIC.RBAC_USER_ROLE ADD CONSTRAINT PUBLIC.FK_IFWSRFDJKHD6DIJV3KGPX6G3W FOREIGN KEY(ROLE_RECID) REFERENCES PUBLIC.RBAC_ROLE(RECID) NOCHECK;      
ALTER TABLE PUBLIC.RBAC_CMS_CATEGORY ADD CONSTRAINT PUBLIC.FK_J29ECDW6UGNCSNVB6MBBDVFVE FOREIGN KEY(PARENT_ID) REFERENCES PUBLIC.RBAC_CMS_CATEGORY(RECID) NOCHECK;            
ALTER TABLE PUBLIC.RBAC_USER_ROLE ADD CONSTRAINT PUBLIC.FK_BCDV5DGYA13Q7X3LCRSBLO9MW FOREIGN KEY(USER_RECID) REFERENCES PUBLIC.RBAC_USER(RECID) NOCHECK;      
ALTER TABLE PUBLIC.RBAC_ORG ADD CONSTRAINT PUBLIC.FK_7S56K7EN8HITKQ5NHYH7JCTME FOREIGN KEY(PARENT_ID) REFERENCES PUBLIC.RBAC_ORG(RECID) NOCHECK;              
ALTER TABLE PUBLIC.RBAC_MENU ADD CONSTRAINT PUBLIC.FK_JU6JKY12GR1BY7L33OVXJSQ9V FOREIGN KEY(PARENT_ID) REFERENCES PUBLIC.RBAC_MENU(RECID) NOCHECK;            
ALTER TABLE PUBLIC.RBAC_ROLE_MENU ADD CONSTRAINT PUBLIC.FK_43GHRM5VDXJ3AV2FAXIBNIUNF FOREIGN KEY(MENU_RECID) REFERENCES PUBLIC.RBAC_MENU(RECID) NOCHECK;      
